headword	pos	band	source	note
-able	suffix	1	defining	votes 2
-al	suffix	1	defining	votes 2
-dom	suffix	1	defining	votes 1
-ed	suffix	1	defining	votes 1
-en	suffix	1	defining	votes 2
-er	suffix	1	defining	votes 2
-ful	suffix	1	defining	votes 2
-hood	suffix	1	defining	votes 2
-ic	suffix	1	defining	votes 1
-ify	suffix	1	defining	votes 1
-ing	suffix	1	defining	votes 1
-ish	suffix	1	defining	votes 2
-ism	suffix	1	defining	votes 2
-ist	suffix	1	defining	votes 2
-ity	suffix	1	defining	votes 2
-ive	suffix	1	defining	votes 2
-ize	suffix	1	defining	votes 2
-less	suffix	1	defining	votes 2
-like	suffix	1	defining	votes 1
-ly	suffix	1	defining	votes 2
-ment	suffix	1	defining	votes 2
-ness	suffix	1	defining	votes 2
-ous	suffix	1	defining	votes 2
-ship	suffix	1	defining	votes 2
-tion	suffix	1	defining	votes 2
-ward	suffix	1	defining	votes 1
-wise	suffix	1	defining	votes 1
-y	suffix	1	defining	votes 1
a	det	1	defining	votes 3
a.m.	abbr	1	defining	votes 2
ability	n	1	defining	votes 3
able	adj	1	defining	votes 2
about	prep	1	defining	votes 3
above	prep	1	defining	votes 3
abroad	adv	1	defining	votes 1
absolutely	adv	1	defining	votes 1
absorb	v	1	defining	votes 1
accent	n	1	defining	votes 1
accept	v	1	defining	votes 3
accident	n	1	defining	votes 3
account	n	1	defining	votes 2
ache	n	1	defining	votes 2
acid	n	1	defining	votes 1
acquaintance	n	1	defining	votes 2
across	adv	1	defining	votes 2
across	prep	1	defining	votes 3
act	n	1	defining	votes 2
act	v	1	defining	votes 3
action	n	1	defining	votes 3
active	adj	1	defining	votes 1
activity	n	1	defining	votes 1
actor	n	1	defining	votes 3
actual	adj	1	defining	votes 1
actually	adv	1	defining	votes 3
ad	abbr	1	defining	votes 2
add	v	1	defining	votes 2
address	n	1	defining	votes 1
adjective	n	1	defining	votes 1
admire	v	1	defining	votes 2
adopt	v	1	defining	votes 1
adult	adj	1	defining	votes 3
adult	n	1	defining	votes 3
advantage	n	1	defining	votes 1
advertise	v	1	defining	votes 1
affect	v	1	defining	votes 2
afford	v	1	defining	votes 2
afraid	adj	1	defining	votes 3
after	adv	1	defining	votes 2
after	conj	1	defining	votes 3
after	prep	1	defining	votes 3
afternoon	n	1	defining	votes 3
again	adv	1	defining	votes 3
against	prep	1	defining	votes 3
age	n	1	defining	votes 3
age	v	1	defining	votes 2
ago	adv	1	defining	votes 3
agree	v	1	defining	votes 3
agreement	n	1	defining	votes 3
ah	interj	1	defining	votes 3
ahead	adv	1	defining	votes 1
aim	n	1	defining	votes 1
air	n	1	defining	votes 3
airport	n	1	defining	votes 3
alarm	n	1	defining	votes 1
alive	adj	1	defining	votes 2
all	det	1	defining	votes 3
all	pron	1	defining	votes 2
allow	v	1	defining	votes 2
almost	adv	1	defining	votes 3
alone	adj	1	defining	votes 3
along	prep	1	defining	votes 3
alphabet	n	1	defining	votes 1
already	adv	1	defining	votes 3
also	adv	1	defining	votes 3
although	conj	1	defining	votes 3
always	adv	1	defining	votes 3
am	abbr	1	defining	votes 2
ambulance	n	1	defining	votes 2
among	prep	1	defining	votes 3
amount	n	1	defining	votes 3
an	det	1	defining	votes 1
ancestor	n	1	defining	votes 2
and	conj	1	defining	votes 3
anger	n	1	defining	votes 3
angle	n	1	defining	votes 1
angry	adj	1	defining	votes 3
animal	n	1	defining	votes 3
annual	adj	1	defining	votes 2
another	det	1	defining	votes 2
answer	n	1	defining	votes 3
answer	v	1	defining	votes 3
anti-	prefix	1	defining	votes 2
anxious	adj	1	defining	votes 2
any	det	1	defining	votes 3
any	pron	1	defining	votes 2
anybody	pron	1	defining	votes 1
anyone	pron	1	defining	votes 1
anything	pron	1	defining	votes 1
anyway	adv	1	defining	votes 2
anywhere	adv	1	defining	votes 2
apart	adv	1	defining	votes 3
apartment	n	1	defining	votes 1
apologize	v	1	defining	votes 1
app	abbr	1	defining	votes 2
appeal	n	1	defining	votes 2
appeal	v	1	defining	votes 2
appear	v	1	defining	votes 2
appearance	n	1	defining	votes 2
appointment	n	1	defining	votes 2
area	n	1	defining	votes 3
argue	v	1	defining	votes 3
argument	n	1	defining	votes 3
arm	n	1	defining	votes 3
army	n	1	defining	votes 3
around	adv	1	defining	votes 2
around	prep	1	defining	votes 3
arrest	n	1	defining	votes 3
arrest	v	1	defining	votes 3
arrive	v	1	defining	votes 3
art	n	1	defining	votes 3
artist	n	1	defining	votes 2
as	conj	1	defining	votes 3
as	prep	1	defining	votes 3
ash	n	1	defining	votes 1
ashamed	adj	1	defining	votes 2
ask	v	1	defining	votes 3
asleep	adj	1	defining	votes 3
assume	v	1	defining	votes 2
at	prep	1	defining	votes 3
attack	n	1	defining	votes 3
attack	v	1	defining	votes 3
attempt	n	1	defining	votes 1
attention	n	1	defining	votes 2
attitude	n	1	defining	votes 2
audience	n	1	defining	votes 2
aunt	n	1	defining	votes 3
author	n	1	defining	votes 1
authority	n	1	defining	votes 2
automatic	adj	1	defining	votes 1
autumn	n	1	defining	votes 3
available	adj	1	defining	votes 1
average	adj	1	defining	votes 1
awake	adj	1	defining	votes 3
aware	adj	1	defining	votes 3
away	adv	1	defining	votes 3
baby	n	1	defining	votes 3
back	adv	1	defining	votes 3
back	n	1	defining	votes 3
backward	adv	1	defining	votes 2
bacteria	n	1	defining	votes 1
bad	adj	1	defining	votes 2
badly	adv	1	defining	votes 3
bag	n	1	defining	votes 3
bake	v	1	defining	votes 2
bald	adj	1	defining	votes 2
ball	n	1	defining	votes 3
band	n	1	defining	votes 2
bandage	n	1	defining	votes 2
bank	n	1	defining	votes 2
barely	adv	1	defining	votes 2
bark	n	1	defining	votes 1
basic	adj	1	defining	votes 2
basically	adv	1	defining	votes 1
basis	n	1	defining	votes 1
basket	n	1	defining	votes 2
bath	n	1	defining	votes 2
bathroom	n	1	defining	votes 2
battery	n	1	defining	votes 1
battle	n	1	defining	votes 1
be	aux	1	defining	votes 3
be	v	1	defining	votes 3
beach	n	1	defining	votes 1
beak	n	1	defining	votes 2
bean	n	1	defining	votes 2
beard	n	1	defining	votes 1
beat	n	1	defining	votes 3
beat	v	1	defining	votes 3
beautiful	adj	1	defining	votes 3
beauty	n	1	defining	votes 3
because	conj	1	defining	votes 3
become	v	1	defining	votes 3
bed	n	1	defining	votes 2
bedroom	n	1	defining	votes 2
bee	n	1	defining	votes 1
beer	n	1	defining	votes 2
before	adv	1	defining	votes 2
before	conj	1	defining	votes 3
before	prep	1	defining	votes 3
begin	v	1	defining	votes 3
beginning	n	1	defining	votes 3
behavior	n	1	defining	votes 2
behind	prep	1	defining	votes 3
belief	n	1	defining	votes 3
believe	v	1	defining	votes 3
belong	v	1	defining	votes 2
belong to	phrv	1	defining	votes 2
below	prep	1	defining	votes 3
belt	n	1	defining	votes 3
bench	n	1	defining	votes 1
bend	v	1	defining	votes 3
benefit	n	1	defining	votes 2
bent	adj	1	defining	votes 1
berry	n	1	defining	votes 1
beside	prep	1	defining	votes 3
between	prep	1	defining	votes 3
beyond	prep	1	defining	votes 3
bicycle	n	1	defining	votes 1
big	adj	1	defining	votes 3
bike	n	1	defining	votes 2
bill	n	1	defining	votes 2
bind	v	1	defining	votes 1
bio-	comb	1	defining	votes 2
bird	n	1	defining	votes 2
birth	n	1	defining	votes 3
birthday	n	1	defining	votes 1
bit	n	1	defining	votes 1
bite	v	1	defining	votes 2
bitter	adj	1	defining	votes 2
black	adj	1	defining	votes 2
blade	n	1	defining	votes 1
blame	n	1	defining	votes 1
blanket	n	1	defining	votes 1
bleed	v	1	defining	votes 3
blind	adj	1	defining	votes 3
block	n	1	defining	votes 1
blood	n	1	defining	votes 3
blow	v	1	defining	votes 2
blue	adj	1	defining	votes 2
blunt	adj	1	defining	votes 1
board	v	1	defining	votes 2
boat	n	1	defining	votes 3
body	n	1	defining	votes 3
boil	v	1	defining	votes 3
bold	adj	1	defining	votes 1
bomb	n	1	defining	votes 1
bone	n	1	defining	votes 3
book	n	1	defining	votes 3
boot	n	1	defining	votes 2
bore	v	1	defining	votes 3
bored	adj	1	defining	votes 3
born	adj	1	defining	votes 3
borrow	v	1	defining	votes 1
boss	n	1	defining	votes 3
both	det	1	defining	votes 3
both	pron	1	defining	votes 2
bottle	n	1	defining	votes 2
bottom	n	1	defining	votes 3
bowl	n	1	defining	votes 3
box	n	1	defining	votes 2
boy	n	1	defining	votes 3
brain	n	1	defining	votes 3
branch	n	1	defining	votes 2
brave	adj	1	defining	votes 3
bread	n	1	defining	votes 2
break	n	1	defining	votes 3
break	v	1	defining	votes 3
break down	phrv	1	defining	votes 3
break up	phrv	1	defining	votes 3
breakfast	n	1	defining	votes 3
breath	n	1	defining	votes 1
breathe	v	1	defining	votes 2
breed	v	1	defining	votes 2
bridge	n	1	defining	votes 3
brief	adj	1	defining	votes 1
briefly	adv	1	defining	votes 1
bright	adj	1	defining	votes 3
bring	v	1	defining	votes 3
bring about	phrv	1	defining	votes 1
bring back	phrv	1	defining	votes 1
bring up	phrv	1	defining	votes 3
broom	n	1	defining	votes 1
brother	n	1	defining	votes 3
brown	adj	1	defining	votes 1
bruise	n	1	defining	votes 2
brush	n	1	defining	votes 3
brush	v	1	defining	votes 3
bucket	n	1	defining	votes 1
bug	n	1	defining	votes 1
build	v	1	defining	votes 3
building	n	1	defining	votes 3
burn	n	1	defining	votes 3
burn	v	1	defining	votes 3
bury	v	1	defining	votes 1
bus	n	1	defining	votes 3
bush	n	1	defining	votes 2
business	n	1	defining	votes 2
busy	adj	1	defining	votes 3
but	conj	1	defining	votes 3
butter	n	1	defining	votes 2
button	n	1	defining	votes 3
button	v	1	defining	votes 2
buy	v	1	defining	votes 3
by	prep	1	defining	votes 3
bye	interj	1	defining	votes 3
cabinet	n	1	defining	votes 1
cable	n	1	defining	votes 1
cake	n	1	defining	votes 2
calculate	v	1	defining	votes 1
calendar	n	1	defining	votes 2
call	v	1	defining	votes 3
call off	phrv	1	defining	votes 2
calm	adj	1	defining	votes 3
calm	v	1	defining	votes 3
calm down	phrv	1	defining	votes 1
camera	n	1	defining	votes 2
can	modal	1	defining	votes 3
cancer	n	1	defining	votes 2
candy	n	1	defining	votes 1
capital	n	1	defining	votes 1
car	n	1	defining	votes 3
card	n	1	defining	votes 1
care	n	1	defining	votes 3
care	v	1	defining	votes 3
career	n	1	defining	votes 1
careful	adj	1	defining	votes 3
carefully	adv	1	defining	votes 3
careless	adj	1	defining	votes 3
carpet	n	1	defining	votes 2
carry	v	1	defining	votes 3
carry on	phrv	1	defining	votes 3
carry out	phrv	1	defining	votes 1
cartoon	n	1	defining	votes 1
case	n	1	defining	votes 2
cash	n	1	defining	votes 2
cat	n	1	defining	votes 1
catch	v	1	defining	votes 3
catch up	phrv	1	defining	votes 2
cattle	n	1	defining	votes 1
cause	n	1	defining	votes 3
cause	v	1	defining	votes 3
cave	n	1	defining	votes 1
ceiling	n	1	defining	votes 1
celebrate	v	1	defining	votes 1
cell	n	1	defining	votes 1
center	n	1	defining	votes 2
central	adj	1	defining	votes 1
century	n	1	defining	votes 2
certain	adj	1	defining	votes 3
certainly	adv	1	defining	votes 3
chain	n	1	defining	votes 1
chair	n	1	defining	votes 3
chance	n	1	defining	votes 2
change	n	1	defining	votes 3
change	v	1	defining	votes 3
chapter	n	1	defining	votes 1
character	n	1	defining	votes 3
charge	n	1	defining	votes 2
charge	v	1	defining	votes 2
cheap	adj	1	defining	votes 2
check	v	1	defining	votes 2
check out	phrv	1	defining	votes 2
cheese	n	1	defining	votes 2
chemical	adj	1	defining	votes 1
chest	n	1	defining	votes 3
chew	v	1	defining	votes 2
chicken	n	1	defining	votes 3
child	n	1	defining	votes 3
choice	n	1	defining	votes 3
choose	v	1	defining	votes 3
chop	v	1	defining	votes 2
church	n	1	defining	votes 3
circle	n	1	defining	votes 2
citizen	n	1	defining	votes 3
city	n	1	defining	votes 2
claim	n	1	defining	votes 1
class	n	1	defining	votes 2
claw	n	1	defining	votes 2
clay	n	1	defining	votes 2
clean	adj	1	defining	votes 3
clean	v	1	defining	votes 3
clean up	phrv	1	defining	votes 2
clear	adj	1	defining	votes 3
clear up	phrv	1	defining	votes 1
clearly	adv	1	defining	votes 3
clever	adj	1	defining	votes 3
client	n	1	defining	votes 1
climate	n	1	defining	votes 1
climb	v	1	defining	votes 2
clinic	n	1	defining	votes 2
clock	n	1	defining	votes 3
close	adj	1	defining	votes 3
close	v	1	defining	votes 3
closed	adj	1	defining	votes 3
closely	adv	1	defining	votes 1
closet	n	1	defining	votes 2
cloth	n	1	defining	votes 3
clothes	n	1	defining	votes 3
cloud	n	1	defining	votes 2
club	n	1	defining	votes 1
cm	abbr	1	defining	votes 2
co-	prefix	1	defining	votes 2
coast	n	1	defining	votes 2
coat	n	1	defining	votes 3
code	n	1	defining	votes 1
coffee	n	1	defining	votes 2
coin	n	1	defining	votes 2
cold	adj	1	defining	votes 3
cold	n	1	defining	votes 2
colleague	n	1	defining	votes 1
collect	v	1	defining	votes 1
college	n	1	defining	votes 1
color	n	1	defining	votes 3
comb	n	1	defining	votes 3
comb	v	1	defining	votes 2
come	v	1	defining	votes 3
come back	phrv	1	defining	votes 3
come from	phrv	1	defining	votes 2
come in	phrv	1	defining	votes 3
come on	phrv	1	defining	votes 1
come out	phrv	1	defining	votes 1
come up with	phrv	1	defining	votes 1
comfort	n	1	defining	votes 3
comfort	v	1	defining	votes 3
comfortable	adj	1	defining	votes 3
commercial	adj	1	defining	votes 1
common	adj	1	defining	votes 2
commonly	adv	1	defining	votes 1
communicate	v	1	defining	votes 1
community	n	1	defining	votes 3
company	n	1	defining	votes 2
compare	v	1	defining	votes 2
comparison	n	1	defining	votes 3
compete	v	1	defining	votes 1
competition	n	1	defining	votes 2
complete	adj	1	defining	votes 2
completely	adv	1	defining	votes 2
complex	adj	1	defining	votes 2
computer	n	1	defining	votes 1
concert	n	1	defining	votes 1
conclude	v	1	defining	votes 1
conclusion	n	1	defining	votes 1
condition	n	1	defining	votes 3
confidence	n	1	defining	votes 2
confident	adj	1	defining	votes 2
conflict	n	1	defining	votes 1
confuse	v	1	defining	votes 2
confused	adj	1	defining	votes 2
confusion	n	1	defining	votes 2
congratulations	interj	1	defining	votes 1
connect	v	1	defining	votes 2
connected	adj	1	defining	votes 1
connection	n	1	defining	votes 2
conscious	adj	1	defining	votes 3
consider	v	1	defining	votes 3
consist	v	1	defining	votes 1
consist of	phrv	1	defining	votes 1
contain	v	1	defining	votes 2
container	n	1	defining	votes 1
contest	n	1	defining	votes 1
continue	v	1	defining	votes 2
contract	n	1	defining	votes 1
control	n	1	defining	votes 3
control	v	1	defining	votes 3
convenient	adj	1	defining	votes 1
conversation	n	1	defining	votes 2
cook	v	1	defining	votes 3
cooked	adj	1	defining	votes 1
cool	adj	1	defining	votes 3
cool	v	1	defining	votes 3
copy	n	1	defining	votes 2
copy	v	1	defining	votes 2
corn	n	1	defining	votes 2
corner	n	1	defining	votes 3
correct	adj	1	defining	votes 2
correctly	adv	1	defining	votes 1
cost	n	1	defining	votes 2
cost	v	1	defining	votes 2
cotton	n	1	defining	votes 1
cough	n	1	defining	votes 2
cough	v	1	defining	votes 2
could	modal	1	defining	votes 2
council	n	1	defining	votes 1
count	v	1	defining	votes 1
country	n	1	defining	votes 3
couple	n	1	defining	votes 3
courage	n	1	defining	votes 3
course	n	1	defining	votes 1
court	n	1	defining	votes 3
cousin	n	1	defining	votes 3
cover	v	1	defining	votes 2
cow	n	1	defining	votes 1
crack	n	1	defining	votes 1
crash	n	1	defining	votes 3
crash	v	1	defining	votes 3
create	v	1	defining	votes 2
creative	adj	1	defining	votes 2
creature	n	1	defining	votes 1
credit	n	1	defining	votes 2
crime	n	1	defining	votes 3
criminal	adj	1	defining	votes 3
criminal	n	1	defining	votes 3
crop	n	1	defining	votes 2
cross	v	1	defining	votes 3
crowd	n	1	defining	votes 2
crowded	adj	1	defining	votes 1
cruel	adj	1	defining	votes 3
cruelty	n	1	defining	votes 2
crush	v	1	defining	votes 1
cry	n	1	defining	votes 1
cup	n	1	defining	votes 3
cupboard	n	1	defining	votes 1
cure	v	1	defining	votes 3
curious	adj	1	defining	votes 1
curly	adj	1	defining	votes 1
current	adj	1	defining	votes 1
curtain	n	1	defining	votes 2
curved	adj	1	defining	votes 2
custom	n	1	defining	votes 1
customer	n	1	defining	votes 2
cut	n	1	defining	votes 3
cut	v	1	defining	votes 3
cut down	phrv	1	defining	votes 1
cut off	phrv	1	defining	votes 2
daily	adj	1	defining	votes 3
daily	adv	1	defining	votes 2
damage	n	1	defining	votes 3
damage	v	1	defining	votes 2
dance	n	1	defining	votes 3
dance	v	1	defining	votes 3
danger	n	1	defining	votes 2
dangerous	adj	1	defining	votes 2
dare	modal	1	defining	votes 1
dark	adj	1	defining	votes 3
dark	n	1	defining	votes 2
data	n	1	defining	votes 2
date	n	1	defining	votes 3
date	v	1	defining	votes 2
daughter	n	1	defining	votes 3
day	n	1	defining	votes 3
de-	prefix	1	defining	votes 2
dead	adj	1	defining	votes 3
deaf	adj	1	defining	votes 3
deal	n	1	defining	votes 1
deal with	phrv	1	defining	votes 2
death	n	1	defining	votes 3
debate	n	1	defining	votes 1
debt	n	1	defining	votes 2
decade	n	1	defining	votes 2
decay	v	1	defining	votes 1
decide	v	1	defining	votes 3
decision	n	1	defining	votes 3
decrease	n	1	defining	votes 2
decrease	v	1	defining	votes 3
deep	adj	1	defining	votes 3
deeply	adv	1	defining	votes 2
defend	v	1	defining	votes 3
defense	n	1	defining	votes 2
define	v	1	defining	votes 2
definitely	adv	1	defining	votes 3
definition	n	1	defining	votes 2
degree	n	1	defining	votes 3
delay	n	1	defining	votes 1
delete	v	1	defining	votes 1
delicious	adj	1	defining	votes 1
deliver	v	1	defining	votes 1
demand	n	1	defining	votes 1
democracy	n	1	defining	votes 1
deodorant	n	1	defining	votes 2
department	n	1	defining	votes 1
depend	v	1	defining	votes 1
depend on	phrv	1	defining	votes 2
dept.	abbr	1	defining	votes 2
depth	n	1	defining	votes 3
describe	v	1	defining	votes 2
description	n	1	defining	votes 1
desert	n	1	defining	votes 1
design	n	1	defining	votes 1
desire	n	1	defining	votes 3
desire	v	1	defining	votes 3
desk	n	1	defining	votes 2
despite	prep	1	defining	votes 3
destroy	v	1	defining	votes 2
destruction	n	1	defining	votes 1
detail	n	1	defining	votes 1
develop	v	1	defining	votes 1
development	n	1	defining	votes 1
device	n	1	defining	votes 1
diagnose	v	1	defining	votes 2
dictionary	n	1	defining	votes 1
die	v	1	defining	votes 3
difference	n	1	defining	votes 2
different	adj	1	defining	votes 3
differently	adv	1	defining	votes 2
difficult	adj	1	defining	votes 2
difficulty	n	1	defining	votes 1
digital	adj	1	defining	votes 1
dinner	n	1	defining	votes 3
direct	adj	1	defining	votes 3
direction	n	1	defining	votes 2
directly	adv	1	defining	votes 2
dirt	n	1	defining	votes 3
dirty	adj	1	defining	votes 3
dis-	prefix	1	defining	votes 2
disability	n	1	defining	votes 1
disabled	adj	1	defining	votes 2
disadvantage	n	1	defining	votes 1
disagree	v	1	defining	votes 3
disappear	v	1	defining	votes 1
disappoint	v	1	defining	votes 1
disappointed	adj	1	defining	votes 1
disappointment	n	1	defining	votes 1
discount	n	1	defining	votes 2
discover	v	1	defining	votes 2
discovery	n	1	defining	votes 1
discuss	v	1	defining	votes 1
discussion	n	1	defining	votes 3
disease	n	1	defining	votes 3
disgust	n	1	defining	votes 1
dish	n	1	defining	votes 3
dishonest	adj	1	defining	votes 1
dislike	v	1	defining	votes 1
display	n	1	defining	votes 1
dissolve	v	1	defining	votes 1
distance	n	1	defining	votes 3
distant	adj	1	defining	votes 1
divide	v	1	defining	votes 1
divorce	n	1	defining	votes 3
divorce	v	1	defining	votes 3
divorced	adj	1	defining	votes 1
do	aux	1	defining	votes 3
do	v	1	defining	votes 3
doctor	n	1	defining	votes 3
dog	n	1	defining	votes 1
domestic	adj	1	defining	votes 2
door	n	1	defining	votes 2
dose	n	1	defining	votes 2
double	adj	1	defining	votes 2
doubt	n	1	defining	votes 3
doubt	v	1	defining	votes 3
down	adv	1	defining	votes 3
down	prep	1	defining	votes 3
download	n	1	defining	votes 1
downstairs	adv	1	defining	votes 1
draw	v	1	defining	votes 3
drawer	n	1	defining	votes 2
dream	n	1	defining	votes 3
dream	v	1	defining	votes 3
dress	n	1	defining	votes 3
dress	v	1	defining	votes 3
drill	n	1	defining	votes 1
drink	n	1	defining	votes 2
drink	v	1	defining	votes 3
drive	n	1	defining	votes 3
drive	v	1	defining	votes 3
driver	n	1	defining	votes 3
drop	v	1	defining	votes 3
drug	n	1	defining	votes 3
drum	n	1	defining	votes 1
drunk	adj	1	defining	votes 1
dry	adj	1	defining	votes 3
dry	v	1	defining	votes 3
duck	n	1	defining	votes 2
dull	adj	1	defining	votes 2
dumb	adj	1	defining	votes 2
during	prep	1	defining	votes 3
dust	n	1	defining	votes 3
duty	n	1	defining	votes 3
e.g.	abbr	1	defining	votes 3
each	det	1	defining	votes 3
each	pron	1	defining	votes 2
ear	n	1	defining	votes 3
early	adj	1	defining	votes 3
early	adv	1	defining	votes 3
earn	v	1	defining	votes 2
earth	n	1	defining	votes 2
easily	adv	1	defining	votes 3
easy	adj	1	defining	votes 2
eat	v	1	defining	votes 3
echo	n	1	defining	votes 2
economic	adj	1	defining	votes 1
economy	n	1	defining	votes 1
edge	n	1	defining	votes 3
effect	n	1	defining	votes 3
effective	adj	1	defining	votes 1
effectively	adv	1	defining	votes 1
effort	n	1	defining	votes 1
egg	n	1	defining	votes 3
eight	num	1	defining	votes 3
either	det	1	defining	votes 2
either	pron	1	defining	votes 2
elderly	adj	1	defining	votes 1
elect	v	1	defining	votes 3
election	n	1	defining	votes 2
electric	adj	1	defining	votes 1
electricity	n	1	defining	votes 1
electronic	adj	1	defining	votes 1
else	adv	1	defining	votes 1
email	n	1	defining	votes 1
emergency	n	1	defining	votes 3
emotion	n	1	defining	votes 3
emotional	adj	1	defining	votes 1
employ	v	1	defining	votes 2
employee	n	1	defining	votes 3
employer	n	1	defining	votes 2
empty	adj	1	defining	votes 3
empty	v	1	defining	votes 3
en-	prefix	1	defining	votes 1
encourage	v	1	defining	votes 1
end	n	1	defining	votes 3
end	v	1	defining	votes 3
end up	phrv	1	defining	votes 2
enemy	n	1	defining	votes 3
energy	n	1	defining	votes 2
engine	n	1	defining	votes 3
enjoy	v	1	defining	votes 3
enjoyment	n	1	defining	votes 1
enough	adv	1	defining	votes 3
enough	det	1	defining	votes 3
enter	v	1	defining	votes 3
entertain	v	1	defining	votes 1
entrance	n	1	defining	votes 1
envy	n	1	defining	votes 3
envy	v	1	defining	votes 3
equal	adj	1	defining	votes 3
equality	n	1	defining	votes 1
equipment	n	1	defining	votes 1
error	n	1	defining	votes 2
escape	n	1	defining	votes 1
especially	adv	1	defining	votes 3
etc.	abbr	1	defining	votes 3
even	adv	1	defining	votes 3
evening	n	1	defining	votes 3
event	n	1	defining	votes 2
eventually	adv	1	defining	votes 1
ever	adv	1	defining	votes 3
every	det	1	defining	votes 3
everybody	pron	1	defining	votes 1
everyone	pron	1	defining	votes 1
everything	pron	1	defining	votes 1
everywhere	adv	1	defining	votes 2
evidence	n	1	defining	votes 2
ex-	prefix	1	defining	votes 2
exact	adj	1	defining	votes 1
exactly	adv	1	defining	votes 3
examine	v	1	defining	votes 2
example	n	1	defining	votes 3
except	prep	1	defining	votes 3
exchange	n	1	defining	votes 1
excite	v	1	defining	votes 2
excited	adj	1	defining	votes 3
excitement	n	1	defining	votes 2
excuse me	phr	1	defining	votes 3
exercise	n	1	defining	votes 2
exercise	v	1	defining	votes 2
exist	v	1	defining	votes 2
exit	n	1	defining	votes 1
expand	v	1	defining	votes 1
expect	v	1	defining	votes 3
expensive	adj	1	defining	votes 2
experience	n	1	defining	votes 2
experiment	n	1	defining	votes 2
expert	adj	1	defining	votes 1
explain	v	1	defining	votes 3
explanation	n	1	defining	votes 2
express	v	1	defining	votes 1
extremely	adv	1	defining	votes 1
eye	n	1	defining	votes 3
fabric	n	1	defining	votes 1
face	n	1	defining	votes 3
fact	n	1	defining	votes 3
factory	n	1	defining	votes 2
failure	n	1	defining	votes 2
fair	adj	1	defining	votes 3
fairly	adv	1	defining	votes 1
faith	n	1	defining	votes 1
fall	n	1	defining	votes 2
fall	v	1	defining	votes 3
fall down	phrv	1	defining	votes 2
fall over	phrv	1	defining	votes 2
false	adj	1	defining	votes 3
familiar	adj	1	defining	votes 1
family	n	1	defining	votes 3
fan	n	1	defining	votes 1
far	adj	1	defining	votes 2
far	adv	1	defining	votes 3
farm	n	1	defining	votes 2
farm	v	1	defining	votes 2
fashion	n	1	defining	votes 1
fast	adj	1	defining	votes 3
fast	adv	1	defining	votes 3
fasten	v	1	defining	votes 1
fat	adj	1	defining	votes 3
fat	n	1	defining	votes 2
father	n	1	defining	votes 3
fault	n	1	defining	votes 2
fear	n	1	defining	votes 3
fear	v	1	defining	votes 2
feather	n	1	defining	votes 2
fee	n	1	defining	votes 2
feed	v	1	defining	votes 3
feel	v	1	defining	votes 3
feeling	n	1	defining	votes 3
female	adj	1	defining	votes 2
fence	n	1	defining	votes 1
festival	n	1	defining	votes 1
fever	n	1	defining	votes 3
few	det	1	defining	votes 3
field	n	1	defining	votes 3
fight	n	1	defining	votes 3
fight	v	1	defining	votes 3
figure	n	1	defining	votes 1
figure out	phrv	1	defining	votes 1
file	n	1	defining	votes 1
fill	v	1	defining	votes 3
fill in	phrv	1	defining	votes 2
fill up	phrv	1	defining	votes 2
film	n	1	defining	votes 3
final	adj	1	defining	votes 2
finally	adv	1	defining	votes 3
finance	n	1	defining	votes 1
financial	adj	1	defining	votes 1
find	v	1	defining	votes 3
find out	phrv	1	defining	votes 3
fine	adj	1	defining	votes 1
finger	n	1	defining	votes 2
fire	n	1	defining	votes 3
fire	v	1	defining	votes 2
firm	n	1	defining	votes 2
first	adj	1	defining	votes 3
first	adv	1	defining	votes 3
first	num	1	defining	votes 2
fish	n	1	defining	votes 3
fit	adj	1	defining	votes 2
fit	v	1	defining	votes 3
five	num	1	defining	votes 3
fix	v	1	defining	votes 2
flame	n	1	defining	votes 1
flash	v	1	defining	votes 2
flat	adj	1	defining	votes 3
flavor	n	1	defining	votes 2
flexible	adj	1	defining	votes 2
flight	n	1	defining	votes 1
float	v	1	defining	votes 1
flood	n	1	defining	votes 1
floor	n	1	defining	votes 2
flow	v	1	defining	votes 2
flower	n	1	defining	votes 3
flu	n	1	defining	votes 2
fly	v	1	defining	votes 3
focus	n	1	defining	votes 2
focus	v	1	defining	votes 2
fog	n	1	defining	votes 1
fold	v	1	defining	votes 3
folder	n	1	defining	votes 1
follow	v	1	defining	votes 3
following	adj	1	defining	votes 1
food	n	1	defining	votes 3
fool	n	1	defining	votes 1
foolish	adj	1	defining	votes 1
foot	n	1	defining	votes 3
for	prep	1	defining	votes 3
for example	phr	1	defining	votes 1
force	n	1	defining	votes 2
force	v	1	defining	votes 2
foreign	adj	1	defining	votes 3
forest	n	1	defining	votes 2
forever	adv	1	defining	votes 1
forget	v	1	defining	votes 3
forgive	v	1	defining	votes 2
fork	n	1	defining	votes 3
form	n	1	defining	votes 3
form	v	1	defining	votes 3
formal	adj	1	defining	votes 1
former	adj	1	defining	votes 1
fortunately	adv	1	defining	votes 1
forward	adv	1	defining	votes 3
four	num	1	defining	votes 3
free	adj	1	defining	votes 3
freedom	n	1	defining	votes 2
freeze	v	1	defining	votes 2
frequent	adj	1	defining	votes 1
fresh	adj	1	defining	votes 2
fridge	n	1	defining	votes 1
friend	n	1	defining	votes 3
friendly	adj	1	defining	votes 3
friendship	n	1	defining	votes 2
from	prep	1	defining	votes 3
front	n	1	defining	votes 3
frost	n	1	defining	votes 1
frown	n	1	defining	votes 1
frozen	adj	1	defining	votes 1
fruit	n	1	defining	votes 3
fry	v	1	defining	votes 2
ft	abbr	1	defining	votes 2
fuel	n	1	defining	votes 1
full	adj	1	defining	votes 3
full-time	adj	1	defining	votes 1
fully	adv	1	defining	votes 2
fun	adj	1	defining	votes 2
fun	n	1	defining	votes 3
funeral	n	1	defining	votes 3
funny	adj	1	defining	votes 3
fur	n	1	defining	votes 2
furniture	n	1	defining	votes 2
future	adj	1	defining	votes 2
future	n	1	defining	votes 3
gain	n	1	defining	votes 1
game	n	1	defining	votes 3
garage	n	1	defining	votes 1
garden	n	1	defining	votes 3
gas	n	1	defining	votes 3
gate	n	1	defining	votes 3
gather	v	1	defining	votes 2
gear	n	1	defining	votes 1
gender	n	1	defining	votes 1
general	adj	1	defining	votes 2
generally	adv	1	defining	votes 3
generation	n	1	defining	votes 2
generous	adj	1	defining	votes 3
gentle	adj	1	defining	votes 2
germ	n	1	defining	votes 1
get	v	1	defining	votes 3
get away	phrv	1	defining	votes 1
get back	phrv	1	defining	votes 2
get in	phrv	1	defining	votes 1
get off	phrv	1	defining	votes 1
get on	phrv	1	defining	votes 1
get out	phrv	1	defining	votes 1
get over	phrv	1	defining	votes 1
get up	phrv	1	defining	votes 3
girl	n	1	defining	votes 3
give	v	1	defining	votes 3
give back	phrv	1	defining	votes 2
give up	phrv	1	defining	votes 3
glass	n	1	defining	votes 3
glasses	n	1	defining	votes 3
glove	n	1	defining	votes 3
glow	v	1	defining	votes 2
glue	n	1	defining	votes 1
go	v	1	defining	votes 3
go away	phrv	1	defining	votes 1
go back	phrv	1	defining	votes 3
go on	phrv	1	defining	votes 3
go out	phrv	1	defining	votes 3
go over	phrv	1	defining	votes 1
go through	phrv	1	defining	votes 1
goal	n	1	defining	votes 2
goat	n	1	defining	votes 2
god	n	1	defining	votes 3
gold	adj	1	defining	votes 1
good	adj	1	defining	votes 2
good morning	phr	1	defining	votes 2
good night	phr	1	defining	votes 2
goodbye	interj	1	defining	votes 3
goods	n	1	defining	votes 2
govern	v	1	defining	votes 1
government	n	1	defining	votes 3
governor	n	1	defining	votes 1
grain	n	1	defining	votes 2
grammar	n	1	defining	votes 1
grandchild	n	1	defining	votes 3
granddaughter	n	1	defining	votes 2
grandfather	n	1	defining	votes 3
grandmother	n	1	defining	votes 3
grandparent	n	1	defining	votes 3
grandson	n	1	defining	votes 2
grass	n	1	defining	votes 3
grateful	adj	1	defining	votes 2
grave	n	1	defining	votes 2
great	adj	1	defining	votes 2
greatly	adv	1	defining	votes 1
green	adj	1	defining	votes 2
greeting	n	1	defining	votes 1
grief	n	1	defining	votes 1
ground	n	1	defining	votes 2
group	n	1	defining	votes 3
grow	v	1	defining	votes 3
grow up	phrv	1	defining	votes 3
growth	n	1	defining	votes 2
guard	n	1	defining	votes 2
guard	v	1	defining	votes 2
guess	n	1	defining	votes 3
guess	v	1	defining	votes 3
guest	n	1	defining	votes 2
guide	n	1	defining	votes 1
guilt	n	1	defining	votes 3
guilty	adj	1	defining	votes 3
gun	n	1	defining	votes 2
habit	n	1	defining	votes 3
hair	n	1	defining	votes 2
half	det	1	defining	votes 2
half	n	1	defining	votes 3
hall	n	1	defining	votes 2
hand	n	1	defining	votes 3
hand over	phrv	1	defining	votes 1
handle	n	1	defining	votes 2
handle	v	1	defining	votes 2
handsome	adj	1	defining	votes 2
hang	v	1	defining	votes 2
hang up	phrv	1	defining	votes 1
happen	v	1	defining	votes 2
happy	adj	1	defining	votes 3
hard	adj	1	defining	votes 3
hard	adv	1	defining	votes 3
hardly	adv	1	defining	votes 2
harm	n	1	defining	votes 2
harm	v	1	defining	votes 2
harvest	v	1	defining	votes 2
hat	n	1	defining	votes 3
hate	n	1	defining	votes 2
hate	v	1	defining	votes 3
have	aux	1	defining	votes 3
have	v	1	defining	votes 3
hay	n	1	defining	votes 1
he	pron	1	defining	votes 3
head	n	1	defining	votes 3
heal	v	1	defining	votes 3
health	n	1	defining	votes 3
healthy	adj	1	defining	votes 3
hear	v	1	defining	votes 3
hearing	n	1	defining	votes 1
heart	n	1	defining	votes 3
heat	n	1	defining	votes 3
heat	v	1	defining	votes 3
heavy	adj	1	defining	votes 3
height	n	1	defining	votes 3
hello	interj	1	defining	votes 3
help	n	1	defining	votes 2
help	v	1	defining	votes 3
helpful	adj	1	defining	votes 1
her	det	1	defining	votes 2
herb	n	1	defining	votes 1
here	adv	1	defining	votes 3
hers	pron	1	defining	votes 1
herself	pron	1	defining	votes 1
hey	interj	1	defining	votes 3
hi	interj	1	defining	votes 3
hidden	adj	1	defining	votes 1
hide	v	1	defining	votes 1
high	adj	1	defining	votes 3
highly	adv	1	defining	votes 1
highway	n	1	defining	votes 1
hill	n	1	defining	votes 2
him	pron	1	defining	votes 2
himself	pron	1	defining	votes 1
hire	v	1	defining	votes 2
his	det	1	defining	votes 2
hit	n	1	defining	votes 2
hit	v	1	defining	votes 3
hmm	interj	1	defining	votes 2
hobby	n	1	defining	votes 3
hold	v	1	defining	votes 3
hold on	phrv	1	defining	votes 3
hole	n	1	defining	votes 1
holiday	n	1	defining	votes 1
holy	adj	1	defining	votes 2
home	n	1	defining	votes 3
honest	adj	1	defining	votes 3
honestly	adv	1	defining	votes 1
honesty	n	1	defining	votes 2
honey	n	1	defining	votes 1
hope	n	1	defining	votes 3
hope	v	1	defining	votes 3
horn	n	1	defining	votes 2
horse	n	1	defining	votes 2
hospital	n	1	defining	votes 3
host	n	1	defining	votes 2
hot	adj	1	defining	votes 3
hotel	n	1	defining	votes 1
hour	n	1	defining	votes 3
house	n	1	defining	votes 3
how	adv	1	defining	votes 3
however	adv	1	defining	votes 2
hr.	abbr	1	defining	votes 2
hug	v	1	defining	votes 1
human	adj	1	defining	votes 2
humor	n	1	defining	votes 2
hundred	num	1	defining	votes 3
hungry	adj	1	defining	votes 2
hurt	adj	1	defining	votes 2
hurt	v	1	defining	votes 3
husband	n	1	defining	votes 3
i	pron	1	defining	votes 3
i.e.	abbr	1	defining	votes 3
ice	n	1	defining	votes 3
id	abbr	1	defining	votes 2
idea	n	1	defining	votes 3
if	conj	1	defining	votes 3
ill	adj	1	defining	votes 3
illegal	adj	1	defining	votes 2
illness	n	1	defining	votes 3
image	n	1	defining	votes 1
imagine	v	1	defining	votes 3
immediately	adv	1	defining	votes 3
impatient	adj	1	defining	votes 1
importance	n	1	defining	votes 2
important	adj	1	defining	votes 2
impossible	adj	1	defining	votes 2
improve	v	1	defining	votes 1
improvement	n	1	defining	votes 1
in	adv	1	defining	votes 3
in	prep	1	defining	votes 3
in fact	phr	1	defining	votes 1
in-	prefix	1	defining	votes 2
include	v	1	defining	votes 2
including	prep	1	defining	votes 1
income	n	1	defining	votes 1
increase	n	1	defining	votes 2
increase	v	1	defining	votes 3
indeed	adv	1	defining	votes 2
individual	adj	1	defining	votes 1
indoor	adj	1	defining	votes 1
industrial	adj	1	defining	votes 1
industry	n	1	defining	votes 1
infect	v	1	defining	votes 2
infection	n	1	defining	votes 3
influence	n	1	defining	votes 1
info	abbr	1	defining	votes 2
inform	v	1	defining	votes 1
informal	adj	1	defining	votes 1
information	n	1	defining	votes 3
injection	n	1	defining	votes 2
injure	v	1	defining	votes 2
injury	n	1	defining	votes 3
innocent	adj	1	defining	votes 3
insect	n	1	defining	votes 2
inside	adv	1	defining	votes 3
inside	n	1	defining	votes 2
inside	prep	1	defining	votes 3
install	v	1	defining	votes 1
instead	adv	1	defining	votes 2
instrument	n	1	defining	votes 3
intelligence	n	1	defining	votes 1
intend	v	1	defining	votes 2
intention	n	1	defining	votes 2
inter-	prefix	1	defining	votes 2
interest	n	1	defining	votes 3
interest	v	1	defining	votes 3
interested	adj	1	defining	votes 1
international	adj	1	defining	votes 1
internet	n	1	defining	votes 1
into	prep	1	defining	votes 3
introduce	v	1	defining	votes 2
invest	v	1	defining	votes 2
invite	v	1	defining	votes 2
involve	v	1	defining	votes 2
iron	n	1	defining	votes 2
island	n	1	defining	votes 2
issue	n	1	defining	votes 1
it	pron	1	defining	votes 3
item	n	1	defining	votes 1
its	det	1	defining	votes 2
itself	pron	1	defining	votes 1
jacket	n	1	defining	votes 2
jail	n	1	defining	votes 1
jealous	adj	1	defining	votes 3
jewel	n	1	defining	votes 1
jewelry	n	1	defining	votes 2
job	n	1	defining	votes 2
join	v	1	defining	votes 2
joint	n	1	defining	votes 1
joke	n	1	defining	votes 2
journey	n	1	defining	votes 3
joy	n	1	defining	votes 2
judge	n	1	defining	votes 3
judge	v	1	defining	votes 3
judgment	n	1	defining	votes 1
juice	n	1	defining	votes 2
jump	v	1	defining	votes 3
jungle	n	1	defining	votes 1
jury	n	1	defining	votes 1
just	adv	1	defining	votes 3
justice	n	1	defining	votes 2
keep	v	1	defining	votes 3
keep on	phrv	1	defining	votes 2
keep up	phrv	1	defining	votes 2
key	n	1	defining	votes 3
keyboard	n	1	defining	votes 1
kg	abbr	1	defining	votes 2
kick	v	1	defining	votes 1
kidney	n	1	defining	votes 2
kill	v	1	defining	votes 3
kind	adj	1	defining	votes 3
kind	n	1	defining	votes 3
kindness	n	1	defining	votes 3
king	n	1	defining	votes 2
kiss	v	1	defining	votes 1
kitchen	n	1	defining	votes 3
km	abbr	1	defining	votes 2
knee	n	1	defining	votes 1
knife	n	1	defining	votes 3
knock	n	1	defining	votes 1
know	v	1	defining	votes 3
knowledge	n	1	defining	votes 3
laboratory	n	1	defining	votes 1
lake	n	1	defining	votes 2
lamp	n	1	defining	votes 2
land	n	1	defining	votes 3
land	v	1	defining	votes 2
lane	n	1	defining	votes 1
language	n	1	defining	votes 2
large	adj	1	defining	votes 3
largely	adv	1	defining	votes 1
last	adj	1	defining	votes 3
last	adv	1	defining	votes 3
late	adj	1	defining	votes 3
late	adv	1	defining	votes 3
later	adv	1	defining	votes 2
laugh	n	1	defining	votes 1
laundry	n	1	defining	votes 1
law	n	1	defining	votes 3
lawyer	n	1	defining	votes 1
lay	v	1	defining	votes 3
layer	n	1	defining	votes 1
lazy	adj	1	defining	votes 3
lb	abbr	1	defining	votes 2
lead	v	1	defining	votes 3
lead to	phrv	1	defining	votes 1
leader	n	1	defining	votes 3
leaf	n	1	defining	votes 3
leak	v	1	defining	votes 1
learn	v	1	defining	votes 3
least	adv	1	defining	votes 2
least	det	1	defining	votes 3
leather	n	1	defining	votes 3
leave	v	1	defining	votes 3
leave out	phrv	1	defining	votes 1
left	adv	1	defining	votes 2
leg	n	1	defining	votes 3
legal	adj	1	defining	votes 3
leisure	n	1	defining	votes 1
lend	v	1	defining	votes 1
length	n	1	defining	votes 3
less	adv	1	defining	votes 2
less	det	1	defining	votes 3
lesson	n	1	defining	votes 2
let	v	1	defining	votes 2
letter	n	1	defining	votes 2
level	adj	1	defining	votes 2
level	n	1	defining	votes 3
lever	n	1	defining	votes 1
library	n	1	defining	votes 2
lid	n	1	defining	votes 1
lie	v	1	defining	votes 3
lie down	phrv	1	defining	votes 2
life	n	1	defining	votes 2
lift	n	1	defining	votes 2
lift	v	1	defining	votes 2
light	adj	1	defining	votes 3
light	n	1	defining	votes 3
light	v	1	defining	votes 2
lightning	n	1	defining	votes 1
like	prep	1	defining	votes 3
like	v	1	defining	votes 3
likely	adj	1	defining	votes 2
limit	n	1	defining	votes 2
limit	v	1	defining	votes 2
line	n	1	defining	votes 3
link	n	1	defining	votes 1
lip	n	1	defining	votes 1
liquid	adj	1	defining	votes 2
liquid	n	1	defining	votes 3
list	n	1	defining	votes 2
list	v	1	defining	votes 2
listen	v	1	defining	votes 3
listen to	phrv	1	defining	votes 1
little	adj	1	defining	votes 3
little	det	1	defining	votes 3
live	v	1	defining	votes 3
liver	n	1	defining	votes 2
living	adj	1	defining	votes 1
load	n	1	defining	votes 2
loan	n	1	defining	votes 2
local	adj	1	defining	votes 3
lock	n	1	defining	votes 2
lock	v	1	defining	votes 2
logical	adj	1	defining	votes 1
lonely	adj	1	defining	votes 3
long	adj	1	defining	votes 3
look	n	1	defining	votes 3
look	v	1	defining	votes 2
look after	phrv	1	defining	votes 2
look at	phrv	1	defining	votes 2
look for	phrv	1	defining	votes 3
look like	phrv	1	defining	votes 3
look out	phrv	1	defining	votes 1
look up	phrv	1	defining	votes 1
loose	adj	1	defining	votes 3
lose	v	1	defining	votes 3
loss	n	1	defining	votes 3
lot	n	1	defining	votes 1
loud	adj	1	defining	votes 3
love	n	1	defining	votes 3
love	v	1	defining	votes 3
low	adj	1	defining	votes 3
loyal	adj	1	defining	votes 1
lunch	n	1	defining	votes 3
lung	n	1	defining	votes 3
machine	n	1	defining	votes 1
magic	adj	1	defining	votes 1
main	adj	1	defining	votes 2
mainly	adv	1	defining	votes 2
make	v	1	defining	votes 3
make up	phrv	1	defining	votes 3
makeup	n	1	defining	votes 2
male	adj	1	defining	votes 2
mammal	n	1	defining	votes 2
man	n	1	defining	votes 3
manage	v	1	defining	votes 2
manager	n	1	defining	votes 2
manner	n	1	defining	votes 2
many	det	1	defining	votes 3
map	n	1	defining	votes 3
mark	n	1	defining	votes 2
market	n	1	defining	votes 3
marriage	n	1	defining	votes 3
married	adj	1	defining	votes 2
marry	v	1	defining	votes 3
mass	n	1	defining	votes 1
match	n	1	defining	votes 2
material	n	1	defining	votes 3
matter	n	1	defining	votes 3
may	modal	1	defining	votes 3
maybe	adv	1	defining	votes 3
mayor	n	1	defining	votes 1
me	pron	1	defining	votes 2
meal	n	1	defining	votes 3
mean	adj	1	defining	votes 2
mean	v	1	defining	votes 3
meaning	n	1	defining	votes 3
measure	n	1	defining	votes 3
measure	v	1	defining	votes 3
measurement	n	1	defining	votes 1
meat	n	1	defining	votes 3
mechanical	adj	1	defining	votes 1
medical	adj	1	defining	votes 1
medicine	n	1	defining	votes 3
meet	v	1	defining	votes 2
melt	v	1	defining	votes 2
member	n	1	defining	votes 2
memory	n	1	defining	votes 3
mental	adj	1	defining	votes 3
mention	v	1	defining	votes 2
menu	n	1	defining	votes 1
merely	adv	1	defining	votes 1
message	n	1	defining	votes 2
messy	adj	1	defining	votes 1
metal	n	1	defining	votes 3
method	n	1	defining	votes 3
micro-	comb	1	defining	votes 2
mid-	comb	1	defining	votes 1
middle	n	1	defining	votes 3
midnight	n	1	defining	votes 2
might	modal	1	defining	votes 2
military	adj	1	defining	votes 2
milk	n	1	defining	votes 3
million	num	1	defining	votes 3
min.	abbr	1	defining	votes 2
mind	n	1	defining	votes 3
mine	pron	1	defining	votes 1
minister	n	1	defining	votes 3
minus	prep	1	defining	votes 1
minute	n	1	defining	votes 3
mirror	n	1	defining	votes 2
mis-	prefix	1	defining	votes 2
mistake	n	1	defining	votes 2
mix	v	1	defining	votes 3
mm	abbr	1	defining	votes 2
modern	adj	1	defining	votes 2
modest	adj	1	defining	votes 1
moment	n	1	defining	votes 2
money	n	1	defining	votes 3
month	n	1	defining	votes 3
monthly	adj	1	defining	votes 2
mood	n	1	defining	votes 3
moon	n	1	defining	votes 2
more	adv	1	defining	votes 2
more	det	1	defining	votes 3
morning	n	1	defining	votes 3
most	adv	1	defining	votes 2
most	det	1	defining	votes 3
mostly	adv	1	defining	votes 2
mother	n	1	defining	votes 3
motor	n	1	defining	votes 2
mountain	n	1	defining	votes 2
mouse	n	1	defining	votes 1
mouth	n	1	defining	votes 3
move	n	1	defining	votes 2
move	v	1	defining	votes 3
move in	phrv	1	defining	votes 1
move on	phrv	1	defining	votes 2
move out	phrv	1	defining	votes 1
movement	n	1	defining	votes 1
movie	n	1	defining	votes 1
mph	abbr	1	defining	votes 2
much	adv	1	defining	votes 2
much	det	1	defining	votes 3
mud	n	1	defining	votes 3
multi-	comb	1	defining	votes 1
multiply	v	1	defining	votes 1
murder	n	1	defining	votes 1
muscle	n	1	defining	votes 3
museum	n	1	defining	votes 1
music	n	1	defining	votes 3
musical	adj	1	defining	votes 2
musician	n	1	defining	votes 2
must	modal	1	defining	votes 3
my	det	1	defining	votes 2
myself	pron	1	defining	votes 1
naked	adj	1	defining	votes 2
name	n	1	defining	votes 2
name	v	1	defining	votes 3
narrow	adj	1	defining	votes 3
nation	n	1	defining	votes 3
national	adj	1	defining	votes 1
natural	adj	1	defining	votes 2
naturally	adv	1	defining	votes 2
nature	n	1	defining	votes 3
near	adj	1	defining	votes 2
near	adv	1	defining	votes 3
near	prep	1	defining	votes 3
nearby	adj	1	defining	votes 1
nearly	adv	1	defining	votes 2
neat	adj	1	defining	votes 2
necessarily	adv	1	defining	votes 1
necessary	adj	1	defining	votes 2
neck	n	1	defining	votes 3
need	n	1	defining	votes 2
need	v	1	defining	votes 3
negative	adj	1	defining	votes 1
neighbor	n	1	defining	votes 2
neither	det	1	defining	votes 2
neither	pron	1	defining	votes 2
nephew	n	1	defining	votes 2
nerve	n	1	defining	votes 2
nervous	adj	1	defining	votes 3
nest	n	1	defining	votes 1
network	n	1	defining	votes 1
never	adv	1	defining	votes 3
new	adj	1	defining	votes 3
news	n	1	defining	votes 2
next	adj	1	defining	votes 3
next	adv	1	defining	votes 2
nice	adj	1	defining	votes 2
niece	n	1	defining	votes 2
night	n	1	defining	votes 3
nine	num	1	defining	votes 3
no	adv	1	defining	votes 2
no	det	1	defining	votes 3
no	interj	1	defining	votes 2
no.	abbr	1	defining	votes 2
nobody	pron	1	defining	votes 1
noise	n	1	defining	votes 2
noisy	adj	1	defining	votes 2
non-	prefix	1	defining	votes 2
none	pron	1	defining	votes 2
noon	n	1	defining	votes 2
nor	conj	1	defining	votes 3
normal	adj	1	defining	votes 2
normally	adv	1	defining	votes 3
nose	n	1	defining	votes 3
not	adv	1	defining	votes 3
note	n	1	defining	votes 3
nothing	pron	1	defining	votes 1
notice	v	1	defining	votes 3
noun	n	1	defining	votes 1
now	adv	1	defining	votes 3
nowhere	adv	1	defining	votes 2
number	n	1	defining	votes 3
nurse	n	1	defining	votes 3
nut	n	1	defining	votes 1
obey	v	1	defining	votes 1
object	n	1	defining	votes 2
observe	v	1	defining	votes 2
obvious	adj	1	defining	votes 1
obviously	adv	1	defining	votes 2
occasional	adj	1	defining	votes 1
occur	v	1	defining	votes 1
ocean	n	1	defining	votes 2
odd	adj	1	defining	votes 1
of	prep	1	defining	votes 3
of course	phr	1	defining	votes 2
off	adv	1	defining	votes 3
off	prep	1	defining	votes 3
offer	n	1	defining	votes 1
office	n	1	defining	votes 3
officer	n	1	defining	votes 1
official	adj	1	defining	votes 2
official	n	1	defining	votes 3
often	adv	1	defining	votes 3
oh	interj	1	defining	votes 3
oil	n	1	defining	votes 3
ok	abbr	1	defining	votes 1
okay	adv	1	defining	votes 2
okay	interj	1	defining	votes 3
old	adj	1	defining	votes 3
on	adv	1	defining	votes 3
on	prep	1	defining	votes 3
once	adv	1	defining	votes 3
once	conj	1	defining	votes 3
one	num	1	defining	votes 3
one	pron	1	defining	votes 2
online	adj	1	defining	votes 1
only	adv	1	defining	votes 3
onto	prep	1	defining	votes 3
oops	interj	1	defining	votes 2
open	adj	1	defining	votes 3
open	v	1	defining	votes 3
operate	v	1	defining	votes 3
operation	n	1	defining	votes 2
opinion	n	1	defining	votes 3
opportunity	n	1	defining	votes 1
opposite	adj	1	defining	votes 2
or	conj	1	defining	votes 3
orange	adj	1	defining	votes 1
order	n	1	defining	votes 3
order	v	1	defining	votes 2
organ	n	1	defining	votes 1
orphan	n	1	defining	votes 2
other	adj	1	defining	votes 2
other	det	1	defining	votes 3
other	pron	1	defining	votes 2
otherwise	adv	1	defining	votes 2
ouch	interj	1	defining	votes 2
ought	modal	1	defining	votes 1
our	det	1	defining	votes 2
ours	pron	1	defining	votes 1
ourselves	pron	1	defining	votes 1
out	adv	1	defining	votes 3
out	prep	1	defining	votes 3
out-	prefix	1	defining	votes 2
outdoor	adj	1	defining	votes 1
outside	adv	1	defining	votes 3
outside	n	1	defining	votes 2
outside	prep	1	defining	votes 3
oven	n	1	defining	votes 3
over	adv	1	defining	votes 3
over	prep	1	defining	votes 3
over-	prefix	1	defining	votes 2
owe	v	1	defining	votes 2
own	v	1	defining	votes 2
owner	n	1	defining	votes 1
oz	abbr	1	defining	votes 2
p.m.	abbr	1	defining	votes 2
pack	n	1	defining	votes 2
pack	v	1	defining	votes 3
page	n	1	defining	votes 2
paid	adj	1	defining	votes 1
pain	n	1	defining	votes 3
painful	adj	1	defining	votes 1
paint	n	1	defining	votes 2
paint	v	1	defining	votes 3
pair	n	1	defining	votes 1
pale	adj	1	defining	votes 2
pan	n	1	defining	votes 3
pants	n	1	defining	votes 3
paper	n	1	defining	votes 3
paragraph	n	1	defining	votes 1
pardon	interj	1	defining	votes 2
parent	n	1	defining	votes 3
park	n	1	defining	votes 2
park	v	1	defining	votes 3
parking	n	1	defining	votes 1
parliament	n	1	defining	votes 2
part	n	1	defining	votes 3
part-time	adj	1	defining	votes 1
particular	adj	1	defining	votes 2
particularly	adv	1	defining	votes 2
partly	adv	1	defining	votes 2
partner	n	1	defining	votes 3
party	n	1	defining	votes 3
pass	v	1	defining	votes 3
pass away	phrv	1	defining	votes 1
pass on	phrv	1	defining	votes 1
passenger	n	1	defining	votes 3
passion	n	1	defining	votes 1
password	n	1	defining	votes 1
past	adj	1	defining	votes 2
past	n	1	defining	votes 3
past	prep	1	defining	votes 2
pasture	n	1	defining	votes 2
path	n	1	defining	votes 3
patience	n	1	defining	votes 3
patient	adj	1	defining	votes 3
patient	n	1	defining	votes 3
pattern	n	1	defining	votes 1
pause	n	1	defining	votes 1
pay	n	1	defining	votes 2
pay	v	1	defining	votes 2
payment	n	1	defining	votes 1
peace	n	1	defining	votes 3
peel	v	1	defining	votes 2
people	n	1	defining	votes 3
per	prep	1	defining	votes 2
perfect	adj	1	defining	votes 1
perfectly	adv	1	defining	votes 1
perform	v	1	defining	votes 3
performance	n	1	defining	votes 2
perfume	n	1	defining	votes 2
perhaps	adv	1	defining	votes 3
period	n	1	defining	votes 2
permanent	adj	1	defining	votes 1
person	n	1	defining	votes 3
personal	adj	1	defining	votes 2
personality	n	1	defining	votes 1
personally	adv	1	defining	votes 1
pest	n	1	defining	votes 1
pet	n	1	defining	votes 1
pharmacy	n	1	defining	votes 1
photograph	n	1	defining	votes 1
physical	adj	1	defining	votes 2
pick	v	1	defining	votes 3
pick up	phrv	1	defining	votes 3
picture	n	1	defining	votes 3
piece	n	1	defining	votes 3
pig	n	1	defining	votes 2
pill	n	1	defining	votes 3
pilot	n	1	defining	votes 1
pink	adj	1	defining	votes 1
pipe	n	1	defining	votes 1
pity	n	1	defining	votes 1
place	n	1	defining	votes 2
place	v	1	defining	votes 2
plain	adj	1	defining	votes 2
plan	n	1	defining	votes 3
plan	v	1	defining	votes 3
plane	n	1	defining	votes 3
plant	n	1	defining	votes 3
plastic	n	1	defining	votes 3
plate	n	1	defining	votes 3
platform	n	1	defining	votes 1
play	n	1	defining	votes 3
play	v	1	defining	votes 3
player	n	1	defining	votes 2
pleasant	adj	1	defining	votes 1
please	adv	1	defining	votes 3
please	interj	1	defining	votes 2
pleased	adj	1	defining	votes 2
pleasure	n	1	defining	votes 3
plow	v	1	defining	votes 2
plug	n	1	defining	votes 1
plural	n	1	defining	votes 1
plus	prep	1	defining	votes 1
pm	abbr	1	defining	votes 2
pocket	n	1	defining	votes 3
point	n	1	defining	votes 3
point out	phrv	1	defining	votes 3
poison	n	1	defining	votes 1
police	n	1	defining	votes 3
policy	n	1	defining	votes 2
polite	adj	1	defining	votes 3
political	adj	1	defining	votes 3
politics	n	1	defining	votes 2
pool	n	1	defining	votes 1
poor	adj	1	defining	votes 2
popular	adj	1	defining	votes 2
port	n	1	defining	votes 3
position	n	1	defining	votes 2
positive	adj	1	defining	votes 1
possibility	n	1	defining	votes 1
possible	adj	1	defining	votes 2
possibly	adv	1	defining	votes 1
post-	prefix	1	defining	votes 2
pot	n	1	defining	votes 3
potato	n	1	defining	votes 1
pour	v	1	defining	votes 3
powder	n	1	defining	votes 2
power	n	1	defining	votes 3
powerful	adj	1	defining	votes 1
practice	n	1	defining	votes 2
practice	v	1	defining	votes 2
praise	v	1	defining	votes 1
pray	v	1	defining	votes 3
prayer	n	1	defining	votes 2
pre-	prefix	1	defining	votes 2
pregnancy	n	1	defining	votes 2
pregnant	adj	1	defining	votes 2
present	adj	1	defining	votes 2
present	n	1	defining	votes 3
president	n	1	defining	votes 3
press	v	1	defining	votes 2
pretty	adj	1	defining	votes 3
prevent	v	1	defining	votes 3
previous	adj	1	defining	votes 2
price	n	1	defining	votes 2
pride	n	1	defining	votes 3
priest	n	1	defining	votes 1
print	n	1	defining	votes 1
printer	n	1	defining	votes 1
prison	n	1	defining	votes 3
prisoner	n	1	defining	votes 1
private	adj	1	defining	votes 3
prize	n	1	defining	votes 2
probably	adv	1	defining	votes 3
problem	n	1	defining	votes 3
process	n	1	defining	votes 3
produce	v	1	defining	votes 2
product	n	1	defining	votes 2
profession	n	1	defining	votes 1
professional	adj	1	defining	votes 2
profit	n	1	defining	votes 2
program	n	1	defining	votes 1
progress	n	1	defining	votes 1
promise	n	1	defining	votes 1
pronoun	n	1	defining	votes 1
pronounce	v	1	defining	votes 1
pronunciation	n	1	defining	votes 1
proof	n	1	defining	votes 3
proper	adj	1	defining	votes 1
properly	adv	1	defining	votes 1
protect	v	1	defining	votes 3
protection	n	1	defining	votes 2
protest	n	1	defining	votes 1
proud	adj	1	defining	votes 3
prove	v	1	defining	votes 3
provide	v	1	defining	votes 2
public	adj	1	defining	votes 3
public	n	1	defining	votes 2
pull	v	1	defining	votes 3
pulse	n	1	defining	votes 1
punish	v	1	defining	votes 3
punishment	n	1	defining	votes 2
pure	adj	1	defining	votes 1
purple	adj	1	defining	votes 1
purpose	n	1	defining	votes 3
purse	n	1	defining	votes 2
push	v	1	defining	votes 3
put	v	1	defining	votes 3
put away	phrv	1	defining	votes 2
put back	phrv	1	defining	votes 1
put down	phrv	1	defining	votes 2
put off	phrv	1	defining	votes 1
put on	phrv	1	defining	votes 3
put together	phrv	1	defining	votes 1
put up	phrv	1	defining	votes 1
quality	n	1	defining	votes 2
quantity	n	1	defining	votes 2
quarter	n	1	defining	votes 3
queen	n	1	defining	votes 2
question	n	1	defining	votes 3
question	v	1	defining	votes 2
quick	adj	1	defining	votes 1
quickly	adv	1	defining	votes 3
quiet	adj	1	defining	votes 3
quit	v	1	defining	votes 1
quite	adv	1	defining	votes 3
race	n	1	defining	votes 3
race	v	1	defining	votes 3
radio	n	1	defining	votes 1
rail	n	1	defining	votes 1
rain	n	1	defining	votes 2
rain	v	1	defining	votes 2
raise	v	1	defining	votes 3
range	n	1	defining	votes 1
rare	adj	1	defining	votes 2
rarely	adv	1	defining	votes 2
rate	n	1	defining	votes 3
rather	adv	1	defining	votes 3
raw	adj	1	defining	votes 2
razor	n	1	defining	votes 2
re-	prefix	1	defining	votes 2
reach	v	1	defining	votes 2
read	v	1	defining	votes 3
reader	n	1	defining	votes 1
ready	adj	1	defining	votes 2
real	adj	1	defining	votes 2
realize	v	1	defining	votes 3
really	adv	1	defining	votes 3
reason	n	1	defining	votes 3
reason	v	1	defining	votes 3
reasonable	adj	1	defining	votes 1
receipt	n	1	defining	votes 2
recent	adj	1	defining	votes 1
recently	adv	1	defining	votes 2
recipe	n	1	defining	votes 1
recognize	v	1	defining	votes 3
record	n	1	defining	votes 1
recover	v	1	defining	votes 2
recovery	n	1	defining	votes 1
red	adj	1	defining	votes 2
reduce	v	1	defining	votes 1
refer	v	1	defining	votes 1
reflect	v	1	defining	votes 1
refuse	v	1	defining	votes 2
regret	v	1	defining	votes 2
regular	adj	1	defining	votes 2
regularly	adv	1	defining	votes 1
relate	v	1	defining	votes 2
related	adj	1	defining	votes 2
relation	n	1	defining	votes 2
relationship	n	1	defining	votes 3
relative	n	1	defining	votes 3
relax	v	1	defining	votes 3
relief	n	1	defining	votes 1
religion	n	1	defining	votes 3
religious	adj	1	defining	votes 2
remain	v	1	defining	votes 2
remember	v	1	defining	votes 3
remind	v	1	defining	votes 1
remove	v	1	defining	votes 2
rent	n	1	defining	votes 1
repair	n	1	defining	votes 2
repair	v	1	defining	votes 2
repeat	v	1	defining	votes 2
reply	v	1	defining	votes 2
report	n	1	defining	votes 1
represent	v	1	defining	votes 2
representative	n	1	defining	votes 1
reptile	n	1	defining	votes 2
republic	n	1	defining	votes 1
require	v	1	defining	votes 1
rescue	n	1	defining	votes 2
rescue	v	1	defining	votes 2
research	n	1	defining	votes 3
research	v	1	defining	votes 2
respect	n	1	defining	votes 2
respect	v	1	defining	votes 3
rest	n	1	defining	votes 3
rest	v	1	defining	votes 3
restaurant	n	1	defining	votes 1
result	n	1	defining	votes 3
result	v	1	defining	votes 2
result in	phrv	1	defining	votes 1
retire	v	1	defining	votes 2
retirement	n	1	defining	votes 1
return	v	1	defining	votes 2
rhythm	n	1	defining	votes 2
rice	n	1	defining	votes 2
rich	adj	1	defining	votes 2
ride	n	1	defining	votes 3
ride	v	1	defining	votes 3
right	adj	1	defining	votes 3
right	adv	1	defining	votes 3
right	n	1	defining	votes 3
ring	n	1	defining	votes 3
ring	v	1	defining	votes 2
ripe	adj	1	defining	votes 3
rise	v	1	defining	votes 3
risk	n	1	defining	votes 3
river	n	1	defining	votes 2
road	n	1	defining	votes 3
roast	v	1	defining	votes 2
rob	v	1	defining	votes 1
rock	n	1	defining	votes 3
roll	v	1	defining	votes 2
roof	n	1	defining	votes 2
room	n	1	defining	votes 2
root	n	1	defining	votes 3
rope	n	1	defining	votes 2
rot	v	1	defining	votes 2
rough	adj	1	defining	votes 3
round	adj	1	defining	votes 3
route	n	1	defining	votes 3
routine	n	1	defining	votes 3
rub	v	1	defining	votes 2
rubber	n	1	defining	votes 2
rude	adj	1	defining	votes 3
rug	n	1	defining	votes 1
ruin	n	1	defining	votes 1
rule	n	1	defining	votes 3
rule	v	1	defining	votes 3
run	v	1	defining	votes 3
run away	phrv	1	defining	votes 1
run out	phrv	1	defining	votes 3
sad	adj	1	defining	votes 3
safe	adj	1	defining	votes 3
safely	adv	1	defining	votes 1
safety	n	1	defining	votes 2
sail	n	1	defining	votes 2
sail	v	1	defining	votes 2
salary	n	1	defining	votes 2
sale	n	1	defining	votes 2
salt	n	1	defining	votes 3
salty	adj	1	defining	votes 3
same	adj	1	defining	votes 3
sand	n	1	defining	votes 3
satisfaction	n	1	defining	votes 2
satisfied	adj	1	defining	votes 1
satisfy	v	1	defining	votes 1
sauce	n	1	defining	votes 1
save	v	1	defining	votes 2
say	v	1	defining	votes 3
scale	n	1	defining	votes 2
scar	n	1	defining	votes 1
scarcely	adv	1	defining	votes 2
scene	n	1	defining	votes 1
scent	n	1	defining	votes 2
schedule	n	1	defining	votes 1
school	n	1	defining	votes 3
science	n	1	defining	votes 2
scientific	adj	1	defining	votes 2
scissors	n	1	defining	votes 1
score	n	1	defining	votes 3
score	v	1	defining	votes 3
scratch	n	1	defining	votes 1
screen	n	1	defining	votes 2
sea	n	1	defining	votes 3
search	n	1	defining	votes 1
season	n	1	defining	votes 3
seat	n	1	defining	votes 2
sec.	abbr	1	defining	votes 2
second	adj	1	defining	votes 3
second	n	1	defining	votes 3
second	num	1	defining	votes 2
secret	adj	1	defining	votes 1
secure	adj	1	defining	votes 2
security	n	1	defining	votes 2
see	v	1	defining	votes 2
seed	n	1	defining	votes 2
seem	v	1	defining	votes 3
seldom	adv	1	defining	votes 1
self-	comb	1	defining	votes 1
selfish	adj	1	defining	votes 3
sell	v	1	defining	votes 3
seller	n	1	defining	votes 1
semi-	prefix	1	defining	votes 1
send	v	1	defining	votes 2
sense	n	1	defining	votes 3
sense	v	1	defining	votes 2
sensible	adj	1	defining	votes 1
sensitive	adj	1	defining	votes 1
sentence	n	1	defining	votes 3
sentence	v	1	defining	votes 2
separate	adj	1	defining	votes 1
serious	adj	1	defining	votes 3
seriously	adv	1	defining	votes 2
serve	v	1	defining	votes 3
server	n	1	defining	votes 1
service	n	1	defining	votes 2
set	v	1	defining	votes 3
set off	phrv	1	defining	votes 1
set up	phrv	1	defining	votes 3
seven	num	1	defining	votes 3
several	det	1	defining	votes 1
sew	v	1	defining	votes 1
sex	n	1	defining	votes 2
shade	n	1	defining	votes 2
shadow	n	1	defining	votes 2
shake	n	1	defining	votes 1
shall	modal	1	defining	votes 2
shallow	adj	1	defining	votes 3
shame	n	1	defining	votes 3
shampoo	n	1	defining	votes 2
shape	n	1	defining	votes 3
shape	v	1	defining	votes 2
share	v	1	defining	votes 2
sharp	adj	1	defining	votes 3
shave	v	1	defining	votes 2
she	pron	1	defining	votes 3
sheep	n	1	defining	votes 2
sheet	n	1	defining	votes 1
shelf	n	1	defining	votes 2
shell	n	1	defining	votes 1
shh	interj	1	defining	votes 2
shine	v	1	defining	votes 3
ship	n	1	defining	votes 3
shirt	n	1	defining	votes 3
shock	n	1	defining	votes 2
shock	v	1	defining	votes 2
shoe	n	1	defining	votes 3
shop	n	1	defining	votes 3
shop	v	1	defining	votes 2
shore	n	1	defining	votes 2
short	adj	1	defining	votes 3
should	modal	1	defining	votes 2
shoulder	n	1	defining	votes 2
shout	v	1	defining	votes 2
show	n	1	defining	votes 3
show	v	1	defining	votes 3
show up	phrv	1	defining	votes 3
shower	n	1	defining	votes 2
shrink	v	1	defining	votes 2
shut	v	1	defining	votes 1
shut up	phrv	1	defining	votes 1
shy	adj	1	defining	votes 3
sick	adj	1	defining	votes 3
sickness	n	1	defining	votes 2
side	n	1	defining	votes 3
sidewalk	n	1	defining	votes 1
sight	n	1	defining	votes 2
sign	n	1	defining	votes 3
silence	n	1	defining	votes 2
silent	adj	1	defining	votes 1
silk	n	1	defining	votes 1
silly	adj	1	defining	votes 3
silver	adj	1	defining	votes 1
similar	adj	1	defining	votes 3
similarity	n	1	defining	votes 1
similarly	adv	1	defining	votes 1
simple	adj	1	defining	votes 2
simply	adv	1	defining	votes 3
since	conj	1	defining	votes 3
since	prep	1	defining	votes 3
sing	v	1	defining	votes 3
single	adj	1	defining	votes 3
singular	n	1	defining	votes 1
sink	n	1	defining	votes 2
sister	n	1	defining	votes 3
sit	v	1	defining	votes 3
sit down	phrv	1	defining	votes 3
situation	n	1	defining	votes 2
six	num	1	defining	votes 3
size	n	1	defining	votes 3
skill	n	1	defining	votes 3
skilled	adj	1	defining	votes 1
skin	n	1	defining	votes 3
skirt	n	1	defining	votes 2
sky	n	1	defining	votes 2
sleep	n	1	defining	votes 3
sleep	v	1	defining	votes 3
slice	v	1	defining	votes 1
slide	v	1	defining	votes 2
slim	adj	1	defining	votes 1
slippery	adj	1	defining	votes 1
slow	adj	1	defining	votes 3
slow down	phrv	1	defining	votes 2
slowly	adv	1	defining	votes 3
small	adj	1	defining	votes 3
smart	adj	1	defining	votes 3
smash	v	1	defining	votes 1
smell	n	1	defining	votes 2
smell	v	1	defining	votes 2
smile	n	1	defining	votes 1
smoke	n	1	defining	votes 3
smooth	adj	1	defining	votes 3
snack	n	1	defining	votes 1
snake	n	1	defining	votes 1
sneeze	v	1	defining	votes 2
snow	n	1	defining	votes 2
snow	v	1	defining	votes 2
so	adv	1	defining	votes 3
so	conj	1	defining	votes 3
soap	n	1	defining	votes 3
social	adj	1	defining	votes 3
society	n	1	defining	votes 3
sock	n	1	defining	votes 3
socket	n	1	defining	votes 1
sofa	n	1	defining	votes 1
soft	adj	1	defining	votes 3
software	n	1	defining	votes 1
soil	n	1	defining	votes 3
soldier	n	1	defining	votes 2
solid	adj	1	defining	votes 3
solid	n	1	defining	votes 3
solution	n	1	defining	votes 3
solve	v	1	defining	votes 3
some	det	1	defining	votes 3
some	pron	1	defining	votes 2
somebody	pron	1	defining	votes 1
someone	pron	1	defining	votes 3
something	pron	1	defining	votes 3
sometimes	adv	1	defining	votes 3
somewhere	adv	1	defining	votes 2
son	n	1	defining	votes 3
song	n	1	defining	votes 3
soon	adv	1	defining	votes 3
sorrow	n	1	defining	votes 2
sorry	adj	1	defining	votes 2
sorry	interj	1	defining	votes 3
sort	n	1	defining	votes 1
soul	n	1	defining	votes 1
sound	n	1	defining	votes 3
sound	v	1	defining	votes 2
soup	n	1	defining	votes 2
sour	adj	1	defining	votes 3
sow	v	1	defining	votes 2
space	n	1	defining	votes 3
spark	n	1	defining	votes 1
speak	v	1	defining	votes 3
speaker	n	1	defining	votes 1
special	adj	1	defining	votes 2
specially	adv	1	defining	votes 1
specific	adj	1	defining	votes 1
speech	n	1	defining	votes 1
speed	n	1	defining	votes 3
speed up	phrv	1	defining	votes 1
spell	v	1	defining	votes 2
spelling	n	1	defining	votes 2
spend	v	1	defining	votes 2
spice	n	1	defining	votes 1
spicy	adj	1	defining	votes 1
spill	v	1	defining	votes 1
spirit	n	1	defining	votes 1
spiritual	adj	1	defining	votes 1
split	v	1	defining	votes 2
split up	phrv	1	defining	votes 1
spoken	adj	1	defining	votes 1
spoon	n	1	defining	votes 3
sport	n	1	defining	votes 3
spread	n	1	defining	votes 1
spring	n	1	defining	votes 3
square	adj	1	defining	votes 3
square	n	1	defining	votes 3
staff	n	1	defining	votes 2
stage	n	1	defining	votes 3
stairs	n	1	defining	votes 2
stand	v	1	defining	votes 3
stand for	phrv	1	defining	votes 1
stand up	phrv	1	defining	votes 3
standard	n	1	defining	votes 1
star	n	1	defining	votes 2
start	v	1	defining	votes 3
start over	phrv	1	defining	votes 1
state	n	1	defining	votes 3
statement	n	1	defining	votes 1
station	n	1	defining	votes 3
stay	v	1	defining	votes 3
steal	v	1	defining	votes 2
steam	n	1	defining	votes 3
steep	adj	1	defining	votes 2
stem	n	1	defining	votes 1
step	n	1	defining	votes 1
stepdaughter	n	1	defining	votes 2
stepfather	n	1	defining	votes 2
stepmother	n	1	defining	votes 2
stepson	n	1	defining	votes 2
stick	v	1	defining	votes 1
sticky	adj	1	defining	votes 2
stiff	adj	1	defining	votes 3
still	adv	1	defining	votes 3
stir	v	1	defining	votes 1
stomach	n	1	defining	votes 3
stone	n	1	defining	votes 3
stop	n	1	defining	votes 3
stop	v	1	defining	votes 3
store	n	1	defining	votes 2
storm	n	1	defining	votes 2
story	n	1	defining	votes 3
stove	n	1	defining	votes 3
straight	adj	1	defining	votes 3
straight	adv	1	defining	votes 2
strange	adj	1	defining	votes 2
strangely	adv	1	defining	votes 1
stranger	n	1	defining	votes 3
straw	n	1	defining	votes 1
stream	n	1	defining	votes 2
street	n	1	defining	votes 3
strength	n	1	defining	votes 3
strengthen	v	1	defining	votes 1
stress	n	1	defining	votes 1
stretch	v	1	defining	votes 3
strict	adj	1	defining	votes 1
strike	n	1	defining	votes 1
string	n	1	defining	votes 2
strip	v	1	defining	votes 1
stroke	n	1	defining	votes 1
strong	adj	1	defining	votes 3
strongly	adv	1	defining	votes 2
structure	n	1	defining	votes 1
student	n	1	defining	votes 2
study	n	1	defining	votes 2
study	v	1	defining	votes 3
stuff	n	1	defining	votes 1
stupid	adj	1	defining	votes 3
style	n	1	defining	votes 3
sub-	prefix	1	defining	votes 2
subject	n	1	defining	votes 3
substance	n	1	defining	votes 3
subtract	v	1	defining	votes 1
success	n	1	defining	votes 2
such	det	1	defining	votes 2
such as	prep	1	defining	votes 1
sudden	adj	1	defining	votes 2
suddenly	adv	1	defining	votes 2
suffer	v	1	defining	votes 1
sugar	n	1	defining	votes 3
suggest	v	1	defining	votes 1
suggestion	n	1	defining	votes 1
suit	n	1	defining	votes 2
suitable	adj	1	defining	votes 1
summer	n	1	defining	votes 3
sun	n	1	defining	votes 2
super-	prefix	1	defining	votes 2
supper	n	1	defining	votes 1
supply	n	1	defining	votes 2
supply	v	1	defining	votes 2
support	n	1	defining	votes 2
support	v	1	defining	votes 2
suppose	v	1	defining	votes 3
sure	adj	1	defining	votes 3
surely	adv	1	defining	votes 2
surface	n	1	defining	votes 2
surgery	n	1	defining	votes 1
surprise	n	1	defining	votes 3
surprise	v	1	defining	votes 3
surprised	adj	1	defining	votes 1
survival	n	1	defining	votes 1
survive	v	1	defining	votes 1
suspect	v	1	defining	votes 1
suspicion	n	1	defining	votes 1
swallow	v	1	defining	votes 3
sweat	n	1	defining	votes 2
sweep	v	1	defining	votes 2
sweet	adj	1	defining	votes 3
swell	v	1	defining	votes 1
swim	v	1	defining	votes 3
switch	n	1	defining	votes 1
symbol	n	1	defining	votes 2
symptom	n	1	defining	votes 2
system	n	1	defining	votes 3
table	n	1	defining	votes 3
tail	n	1	defining	votes 2
take	v	1	defining	votes 3
take apart	phrv	1	defining	votes 1
take away	phrv	1	defining	votes 1
take back	phrv	1	defining	votes 1
take off	phrv	1	defining	votes 3
take over	phrv	1	defining	votes 2
take place	phrv	1	defining	votes 1
take up	phrv	1	defining	votes 2
talent	n	1	defining	votes 2
talk	n	1	defining	votes 2
talk	v	1	defining	votes 3
tall	adj	1	defining	votes 3
tame	adj	1	defining	votes 2
tap	n	1	defining	votes 1
task	n	1	defining	votes 1
taste	n	1	defining	votes 3
taste	v	1	defining	votes 3
tax	n	1	defining	votes 3
tax	v	1	defining	votes 2
taxi	n	1	defining	votes 2
tea	n	1	defining	votes 2
teach	v	1	defining	votes 3
teacher	n	1	defining	votes 2
team	n	1	defining	votes 3
tear	n	1	defining	votes 3
tear	v	1	defining	votes 3
technology	n	1	defining	votes 1
teenager	n	1	defining	votes 1
tel.	abbr	1	defining	votes 2
tele-	comb	1	defining	votes 2
telephone	n	1	defining	votes 1
television	n	1	defining	votes 2
tell	v	1	defining	votes 3
temper	n	1	defining	votes 2
temperature	n	1	defining	votes 3
temple	n	1	defining	votes 2
temporary	adj	1	defining	votes 1
ten	num	1	defining	votes 3
tense	n	1	defining	votes 1
term	n	1	defining	votes 1
terrible	adj	1	defining	votes 1
terribly	adv	1	defining	votes 1
test	n	1	defining	votes 2
test	v	1	defining	votes 2
text	n	1	defining	votes 2
texture	n	1	defining	votes 1
than	conj	1	defining	votes 3
thank you	phr	1	defining	votes 3
thankful	adj	1	defining	votes 2
thanks	interj	1	defining	votes 1
that	conj	1	defining	votes 3
that	det	1	defining	votes 3
that	pron	1	defining	votes 3
the	det	1	defining	votes 3
theater	n	1	defining	votes 1
theft	n	1	defining	votes 1
their	det	1	defining	votes 2
theirs	pron	1	defining	votes 1
them	pron	1	defining	votes 2
themselves	pron	1	defining	votes 1
then	adv	1	defining	votes 3
theory	n	1	defining	votes 2
there	adv	1	defining	votes 3
therefore	adv	1	defining	votes 2
these	det	1	defining	votes 1
they	pron	1	defining	votes 3
thick	adj	1	defining	votes 3
thief	n	1	defining	votes 1
thin	adj	1	defining	votes 3
thing	n	1	defining	votes 3
think	v	1	defining	votes 3
think about	phrv	1	defining	votes 1
think of	phrv	1	defining	votes 1
third	adj	1	defining	votes 3
thirsty	adj	1	defining	votes 2
this	det	1	defining	votes 3
this	pron	1	defining	votes 3
those	det	1	defining	votes 1
though	conj	1	defining	votes 3
thought	n	1	defining	votes 3
thousand	num	1	defining	votes 3
threat	n	1	defining	votes 1
threaten	v	1	defining	votes 1
three	num	1	defining	votes 3
throat	n	1	defining	votes 1
through	adv	1	defining	votes 2
through	prep	1	defining	votes 3
throughout	prep	1	defining	votes 3
throw	v	1	defining	votes 3
throw away	phrv	1	defining	votes 3
thunder	n	1	defining	votes 1
thus	adv	1	defining	votes 1
ticket	n	1	defining	votes 2
tidy	adj	1	defining	votes 2
tidy	v	1	defining	votes 2
tie	n	1	defining	votes 2
tie	v	1	defining	votes 3
tight	adj	1	defining	votes 3
time	n	1	defining	votes 3
tip	n	1	defining	votes 2
tire	v	1	defining	votes 1
tired	adj	1	defining	votes 3
tissue	n	1	defining	votes 1
title	n	1	defining	votes 2
to	prep	1	defining	votes 3
today	adv	1	defining	votes 3
today	n	1	defining	votes 2
toe	n	1	defining	votes 2
together	adv	1	defining	votes 3
toilet	n	1	defining	votes 2
tomorrow	adv	1	defining	votes 3
tomorrow	n	1	defining	votes 2
tone	n	1	defining	votes 2
tongue	n	1	defining	votes 3
too	adv	1	defining	votes 3
tool	n	1	defining	votes 1
tooth	n	1	defining	votes 3
toothbrush	n	1	defining	votes 2
toothpaste	n	1	defining	votes 2
top	n	1	defining	votes 3
topic	n	1	defining	votes 1
total	adj	1	defining	votes 3
total	n	1	defining	votes 3
totally	adv	1	defining	votes 1
touch	n	1	defining	votes 2
touch	v	1	defining	votes 3
tough	adj	1	defining	votes 1
tour	n	1	defining	votes 2
toward	prep	1	defining	votes 3
towards	prep	1	defining	votes 2
towel	n	1	defining	votes 3
tower	n	1	defining	votes 1
town	n	1	defining	votes 2
toy	n	1	defining	votes 3
track	n	1	defining	votes 3
trade	n	1	defining	votes 2
trade	v	1	defining	votes 2
traffic	n	1	defining	votes 3
train	n	1	defining	votes 3
train	v	1	defining	votes 2
training	n	1	defining	votes 1
trans-	prefix	1	defining	votes 2
translate	v	1	defining	votes 1
transport	n	1	defining	votes 3
transport	v	1	defining	votes 3
trap	n	1	defining	votes 1
travel	n	1	defining	votes 3
travel	v	1	defining	votes 3
treat	v	1	defining	votes 3
treatment	n	1	defining	votes 3
treaty	n	1	defining	votes 2
tree	n	1	defining	votes 3
trial	n	1	defining	votes 2
trick	n	1	defining	votes 1
trip	n	1	defining	votes 3
trouble	n	1	defining	votes 1
truck	n	1	defining	votes 1
true	adj	1	defining	votes 3
truly	adv	1	defining	votes 1
trust	n	1	defining	votes 3
trust	v	1	defining	votes 3
truth	n	1	defining	votes 3
try	v	1	defining	votes 3
try on	phrv	1	defining	votes 2
tune	n	1	defining	votes 2
tunnel	n	1	defining	votes 1
turn	n	1	defining	votes 2
turn	v	1	defining	votes 3
turn down	phrv	1	defining	votes 1
turn into	phrv	1	defining	votes 1
turn off	phrv	1	defining	votes 3
turn on	phrv	1	defining	votes 3
turn over	phrv	1	defining	votes 1
turn up	phrv	1	defining	votes 1
tv	abbr	1	defining	votes 2
twice	adv	1	defining	votes 3
twin	n	1	defining	votes 1
twist	n	1	defining	votes 1
two	num	1	defining	votes 3
type	n	1	defining	votes 3
typical	adj	1	defining	votes 1
ugly	adj	1	defining	votes 3
uh	interj	1	defining	votes 2
um	interj	1	defining	votes 2
umbrella	n	1	defining	votes 2
un-	prefix	1	defining	votes 2
unable	adj	1	defining	votes 2
uncle	n	1	defining	votes 3
under	adv	1	defining	votes 3
under	prep	1	defining	votes 3
under-	prefix	1	defining	votes 2
understand	v	1	defining	votes 3
underwear	n	1	defining	votes 1
unfair	adj	1	defining	votes 1
unfortunately	adv	1	defining	votes 1
unfriendly	adj	1	defining	votes 2
uniform	n	1	defining	votes 1
unit	n	1	defining	votes 2
university	n	1	defining	votes 1
unless	conj	1	defining	votes 3
unlikely	adj	1	defining	votes 1
unlock	v	1	defining	votes 1
unpack	v	1	defining	votes 2
until	conj	1	defining	votes 3
until	prep	1	defining	votes 3
up	adv	1	defining	votes 3
up	prep	1	defining	votes 3
upload	n	1	defining	votes 1
upon	prep	1	defining	votes 2
upset	adj	1	defining	votes 3
upset	v	1	defining	votes 2
upstairs	adv	1	defining	votes 1
us	pron	1	defining	votes 2
use	n	1	defining	votes 2
use	v	1	defining	votes 2
use up	phrv	1	defining	votes 2
used	adj	1	defining	votes 1
used to	modal	1	defining	votes 1
useful	adj	1	defining	votes 2
useless	adj	1	defining	votes 1
user	n	1	defining	votes 1
usual	adj	1	defining	votes 3
usually	adv	1	defining	votes 3
valley	n	1	defining	votes 2
value	n	1	defining	votes 3
vegetable	n	1	defining	votes 3
vehicle	n	1	defining	votes 3
vein	n	1	defining	votes 1
verb	n	1	defining	votes 1
very	adv	1	defining	votes 3
via	prep	1	defining	votes 2
victim	n	1	defining	votes 1
video	n	1	defining	votes 1
view	n	1	defining	votes 2
village	n	1	defining	votes 1
violence	n	1	defining	votes 3
violent	adj	1	defining	votes 3
virus	n	1	defining	votes 1
visible	adj	1	defining	votes 1
visit	n	1	defining	votes 2
visit	v	1	defining	votes 3
voice	n	1	defining	votes 3
volume	n	1	defining	votes 2
vote	n	1	defining	votes 3
vote	v	1	defining	votes 3
vs.	abbr	1	defining	votes 2
wage	n	1	defining	votes 2
wait	v	1	defining	votes 1
wait for	phrv	1	defining	votes 2
wake	v	1	defining	votes 3
wake up	phrv	1	defining	votes 3
walk	n	1	defining	votes 3
walk	v	1	defining	votes 3
wall	n	1	defining	votes 3
wallet	n	1	defining	votes 3
want	v	1	defining	votes 3
war	n	1	defining	votes 3
warm	adj	1	defining	votes 3
warm	v	1	defining	votes 2
warn	v	1	defining	votes 2
warning	n	1	defining	votes 2
wash	n	1	defining	votes 2
wash	v	1	defining	votes 3
wash up	phrv	1	defining	votes 1
washing machine	n	1	defining	votes 1
waste	n	1	defining	votes 2
watch	n	1	defining	votes 3
watch	v	1	defining	votes 3
watch out	phrv	1	defining	votes 2
water	n	1	defining	votes 3
water	v	1	defining	votes 2
waterfall	n	1	defining	votes 1
wave	n	1	defining	votes 2
wax	n	1	defining	votes 2
way	n	1	defining	votes 3
we	pron	1	defining	votes 3
weak	adj	1	defining	votes 3
weaken	v	1	defining	votes 1
weakness	n	1	defining	votes 3
wealth	n	1	defining	votes 1
wealthy	adj	1	defining	votes 1
weapon	n	1	defining	votes 2
wear	v	1	defining	votes 3
weather	n	1	defining	votes 2
web	n	1	defining	votes 1
website	n	1	defining	votes 1
wedding	n	1	defining	votes 2
weed	n	1	defining	votes 2
weed	v	1	defining	votes 2
week	n	1	defining	votes 3
weekend	n	1	defining	votes 2
weekly	adj	1	defining	votes 2
weigh	v	1	defining	votes 3
weight	n	1	defining	votes 3
welcome	interj	1	defining	votes 3
well	adj	1	defining	votes 2
well	adv	1	defining	votes 3
well	interj	1	defining	votes 2
wet	adj	1	defining	votes 3
what	det	1	defining	votes 3
what	pron	1	defining	votes 3
whatever	det	1	defining	votes 1
wheat	n	1	defining	votes 2
wheel	n	1	defining	votes 3
wheelchair	n	1	defining	votes 2
when	adv	1	defining	votes 3
when	conj	1	defining	votes 3
where	adv	1	defining	votes 3
where	conj	1	defining	votes 3
whereas	conj	1	defining	votes 3
whether	conj	1	defining	votes 3
which	det	1	defining	votes 3
which	pron	1	defining	votes 3
while	conj	1	defining	votes 3
whisper	v	1	defining	votes 2
white	adj	1	defining	votes 2
who	pron	1	defining	votes 3
whole	adj	1	defining	votes 3
whole	n	1	defining	votes 2
whom	pron	1	defining	votes 3
whose	det	1	defining	votes 3
whose	pron	1	defining	votes 3
why	adv	1	defining	votes 3
wide	adj	1	defining	votes 3
widely	adv	1	defining	votes 1
widow	n	1	defining	votes 1
width	n	1	defining	votes 3
wife	n	1	defining	votes 3
wild	adj	1	defining	votes 3
will	modal	1	defining	votes 3
win	v	1	defining	votes 3
wind	n	1	defining	votes 2
window	n	1	defining	votes 2
wine	n	1	defining	votes 2
wing	n	1	defining	votes 2
winner	n	1	defining	votes 1
winter	n	1	defining	votes 3
wipe	v	1	defining	votes 2
wire	n	1	defining	votes 2
wisdom	n	1	defining	votes 1
wise	adj	1	defining	votes 3
wish	n	1	defining	votes 2
wish	v	1	defining	votes 2
with	prep	1	defining	votes 3
within	prep	1	defining	votes 3
without	prep	1	defining	votes 3
witness	n	1	defining	votes 1
woman	n	1	defining	votes 3
wonder	v	1	defining	votes 1
wonderful	adj	1	defining	votes 1
wood	n	1	defining	votes 3
wool	n	1	defining	votes 2
word	n	1	defining	votes 2
work	n	1	defining	votes 3
work	v	1	defining	votes 3
work out	phrv	1	defining	votes 3
worker	n	1	defining	votes 2
world	n	1	defining	votes 2
worm	n	1	defining	votes 2
worn	adj	1	defining	votes 1
worried	adj	1	defining	votes 1
worry	n	1	defining	votes 3
worry	v	1	defining	votes 3
worth	adj	1	defining	votes 2
would	modal	1	defining	votes 2
wound	n	1	defining	votes 3
wound	v	1	defining	votes 2
wow	interj	1	defining	votes 3
wrap	v	1	defining	votes 2
write	v	1	defining	votes 3
write down	phrv	1	defining	votes 3
writer	n	1	defining	votes 1
written	adj	1	defining	votes 1
wrong	adj	1	defining	votes 3
wrongly	adv	1	defining	votes 1
yard	n	1	defining	votes 3
year	n	1	defining	votes 3
yearly	adj	1	defining	votes 2
yellow	adj	1	defining	votes 2
yes	adv	1	defining	votes 2
yes	interj	1	defining	votes 2
yesterday	adv	1	defining	votes 3
yesterday	n	1	defining	votes 2
yet	adv	1	defining	votes 3
yet	conj	1	defining	votes 2
you	pron	1	defining	votes 3
young	adj	1	defining	votes 3
your	det	1	defining	votes 2
yours	pron	1	defining	votes 1
yourself	pron	1	defining	votes 1
youth	n	1	defining	votes 2
zero	num	1	defining	votes 2
zip	n	1	defining	votes 3
zip	v	1	defining	votes 3
